{
  "css": {
    "properties": {
      "-webkit-line-clamp": {
        "__compat": {
          "mdn_url": "https://developer.mozilla.org/docs/Web/CSS/-webkit-line-clamp",
          "support": {
            "chrome": {
              "version_added": "6"
            },
            "chrome_android": {
              "version_added": "18"
            },
            "edge": {
              "version_added": "17"
            },
            "firefox": {
              "version_added": "68"
            },
            "firefox_android": {
              "version_added": "68"
            },
            "ie": {
              "version_added": false
            },
            "opera": {
              "version_added": "15"
            },
            "opera_android": {
              "version_added": "14"
            },
            "safari": {
              "version_added": "5"
            },
            "safari_ios": {
              "version_added": "4.2"
            },
            "samsunginternet_android": {
              "version_added": "4.0"
            },
            "webview_android": {
              "version_added": "≤37"
            }
          },
          "status": {
            "experimental": false,
            "standard_track": true,
            "deprecated": false
          }
        }
      }
    }
  }
}
