{
  "css": {
    "properties": {
      "background-blend-mode": {
        "__compat": {
          "mdn_url": "https://developer.mozilla.org/docs/Web/CSS/background-blend-mode",
          "support": {
            "chrome": {
              "version_added": "35"
            },
            "chrome_android": {
              "version_added": "35"
            },
            "edge": {
              "version_added": false,
              "notes": "EdgeHTML 18 has an <i>Enable CSS background-blend-mode property</i> flag, however the feature is an early prototype with no discernable end-user effect."
            },
            "firefox": {
              "version_added": "30"
            },
            "firefox_android": {
              "version_added": "30"
            },
            "ie": {
              "version_added": false
            },
            "opera": {
              "version_added": "22"
            },
            "opera_android": {
              "version_added": "22"
            },
            "safari": {
              "version_added": "8"
            },
            "safari_ios": {
              "version_added": "8"
            },
            "samsunginternet_android": {
              "version_added": null
            },
            "webview_android": {
              "version_added": "≤37"
            }
          },
          "status": {
            "experimental": false,
            "standard_track": true,
            "deprecated": false
          }
        }
      }
    }
  }
}
