{
  "css": {
    "properties": {
      "font-smooth": {
        "__compat": {
          "mdn_url": "https://developer.mozilla.org/docs/Web/CSS/font-smooth",
          "support": {
            "chrome": {
              "version_added": "5",
              "alternative_name": "-webkit-font-smoothing"
            },
            "chrome_android": {
              "version_added": "18",
              "alternative_name": "-webkit-font-smoothing"
            },
            "edge": {
              "version_added": false
            },
            "firefox": {
              "version_added": "25",
              "alternative_name": "-moz-osx-font-smoothing",
              "notes": "Only works on macOS."
            },
            "firefox_android": {
              "version_added": false
            },
            "ie": {
              "version_added": false
            },
            "opera": {
              "version_added": true,
              "alternative_name": "-webkit-font-smoothing"
            },
            "opera_android": {
              "version_added": true,
              "alternative_name": "-webkit-font-smoothing"
            },
            "safari": {
              "version_added": "4",
              "alternative_name": "-webkit-font-smoothing"
            },
            "safari_ios": {
              "version_added": "3.2",
              "alternative_name": "-webkit-font-smoothing"
            },
            "webview_android": {
              "version_added": "≤37",
              "alternative_name": "-webkit-font-smoothing"
            }
          },
          "status": {
            "experimental": false,
            "standard_track": false,
            "deprecated": false
          }
        }
      }
    }
  }
}
