{
  "css": {
    "properties": {
      "font-size-adjust": {
        "__compat": {
          "mdn_url": "https://developer.mozilla.org/docs/Web/CSS/font-size-adjust",
          "support": {
            "chrome": [
              {
                "version_added": "54"
              },
              {
                "version_added": "43",
                "flags": [
                  {
                    "type": "preference",
                    "name": "Enable experimental Web Platform features"
                  }
                ]
              }
            ],
            "chrome_android": [
              {
                "version_added": "54"
              },
              {
                "version_added": "43",
                "flags": [
                  {
                    "type": "preference",
                    "name": "Enable experimental Web Platform features"
                  }
                ]
              }
            ],
            "edge": {
              "version_added": false,
              "notes": "Although <code>'fontSizeAdjust' in element.style</code> returns <code>true</code>, this feature isn't supported."
            },
            "firefox": [
              {
                "version_added": "40"
              },
              {
                "version_added": "3",
                "notes": "Before Firefox 40, <code>font-size-adjust: 0</code> was incorrectly interpreted as <code>font-size-adjust: none</code> (<a href='https://bugzil.la/1144885'>bug 1144885</a>)."
              },
              {
                "version_added": "1",
                "notes": "Before Firefox 3, <code>font-size-adjust</code> was supported on Windows only."
              }
            ],
            "firefox_android": {
              "version_added": "4"
            },
            "ie": {
              "version_added": false
            },
            "opera": [
              {
                "version_added": "41"
              },
              {
                "version_added": "30",
                "flags": [
                  {
                    "type": "preference",
                    "name": "Enable experimental Web Platform features"
                  }
                ]
              }
            ],
            "opera_android": [
              {
                "version_added": "41"
              },
              {
                "version_added": "30",
                "flags": [
                  {
                    "type": "preference",
                    "name": "Enable experimental Web Platform features"
                  }
                ]
              }
            ],
            "safari": {
              "version_added": false
            },
            "safari_ios": {
              "version_added": false
            },
            "samsunginternet_android": {
              "version_added": "6.0"
            },
            "webview_android": {
              "version_added": "54"
            }
          },
          "status": {
            "experimental": false,
            "standard_track": true,
            "deprecated": false
          }
        }
      }
    }
  }
}
