{
  "css": {
    "properties": {
      "hyphens": {
        "__compat": {
          "mdn_url": "https://developer.mozilla.org/docs/Web/CSS/hyphens",
          "support": {
            "chrome": [
              {
                "partial_implementation": true,
                "version_added": "55",
                "notes": "<code>auto</code> value is only supported on macOS and Android and for languages the OS provides hyphenation for."
              },
              {
                "prefix": "-webkit-",
                "version_added": "13",
                "notes": "Only <code>-webkit-hyphens: none</code> is supported."
              }
            ],
            "chrome_android": [
              {
                "version_added": "55"
              },
              {
                "prefix": "-webkit-",
                "version_added": "18"
              }
            ],
            "edge": {
              "prefix": "-ms-",
              "version_added": "12",
              "partial_implementation": true,
              "notes": "Only works if the specified language is the same as the language of the underlying OS."
            },
            "firefox": [
              {
                "version_added": "43"
              },
              {
                "prefix": "-moz-",
                "version_added": "6",
                "notes": "Automatic hyphenation only works for languages with hyphenation dictionaries that are integrated into Firefox."
              }
            ],
            "firefox_android": [
              {
                "version_added": "43"
              },
              {
                "prefix": "-moz-",
                "version_added": "6",
                "notes": "Automatic hyphenation only works for languages with hyphenation dictionaries that are integrated into Firefox."
              }
            ],
            "ie": {
              "prefix": "-ms-",
              "version_added": "10",
              "partial_implementation": true,
              "notes": "Only works if the specified language is the same as the language of the underlying OS."
            },
            "opera": {
              "version_added": "44",
              "partial_implementation": true,
              "notes": "<code>auto</code> value is only supported on macOS and Android."
            },
            "opera_android": {
              "version_added": "43"
            },
            "safari": {
              "prefix": "-webkit-",
              "version_added": "5.1"
            },
            "safari_ios": {
              "prefix": "-webkit-",
              "version_added": "4.2"
            },
            "samsunginternet_android": {
              "version_added": "6.0"
            },
            "webview_android": [
              {
                "version_added": "55"
              },
              {
                "prefix": "-webkit-",
                "version_added": "4"
              }
            ]
          },
          "status": {
            "experimental": false,
            "standard_track": true,
            "deprecated": false
          }
        },
        "afrikaans": {
          "__compat": {
            "description": "Hyphenation dictionary for Afrikaans (af, af-*)",
            "support": {
              "chrome": {
                "version_added": false
              },
              "chrome_android": {
                "version_added": false
              },
              "edge": {
                "version_added": false
              },
              "firefox": {
                "version_added": "8"
              },
              "firefox_android": {
                "version_added": "8"
              },
              "ie": {
                "version_added": false
              },
              "opera": {
                "version_added": false
              },
              "opera_android": {
                "version_added": false
              },
              "safari": {
                "version_added": false
              },
              "safari_ios": {
                "version_added": false
              },
              "samsunginternet_android": {
                "version_added": false
              },
              "webview_android": {
                "version_added": false
              }
            },
            "status": {
              "experimental": false,
              "standard_track": true,
              "deprecated": false
            }
          }
        },
        "bosnian": {
          "__compat": {
            "description": "Hyphenation dictionary for Bosnian, Serbian, and Serbo-Croatian (sh, sh-*, sr, sr-*, bs, bs-*)",
            "support": {
              "chrome": {
                "version_added": false
              },
              "chrome_android": {
                "version_added": false
              },
              "edge": {
                "version_added": false
              },
              "firefox": {
                "version_added": "8"
              },
              "firefox_android": {
                "version_added": "8"
              },
              "ie": {
                "version_added": false
              },
              "opera": {
                "version_added": false
              },
              "opera_android": {
                "version_added": false
              },
              "safari": {
                "version_added": false
              },
              "safari_ios": {
                "version_added": false
              },
              "samsunginternet_android": {
                "version_added": false
              },
              "webview_android": {
                "version_added": false
              }
            },
            "status": {
              "experimental": false,
              "standard_track": true,
              "deprecated": false
            }
          }
        },
        "bulgarian": {
          "__compat": {
            "description": "Hyphenation dictionary for Bulgarian (bg, bg-*)",
            "support": {
              "chrome": {
                "version_added": false
              },
              "chrome_android": {
                "version_added": false
              },
              "edge": {
                "version_added": false
              },
              "firefox": {
                "version_added": "8"
              },
              "firefox_android": {
                "version_added": "8"
              },
              "ie": {
                "version_added": false
              },
              "opera": {
                "version_added": false
              },
              "opera_android": {
                "version_added": false
              },
              "safari": {
                "version_added": false
              },
              "safari_ios": {
                "version_added": false
              },
              "samsunginternet_android": {
                "version_added": false
              },
              "webview_android": {
                "version_added": false
              }
            },
            "status": {
              "experimental": false,
              "standard_track": true,
              "deprecated": false
            }
          }
        },
        "catalan": {
          "__compat": {
            "description": "Hyphenation dictionary for Catalan (ca, ca-*)",
            "support": {
              "chrome": {
                "version_added": false
              },
              "chrome_android": {
                "version_added": false
              },
              "edge": {
                "version_added": false
              },
              "firefox": {
                "version_added": "8"
              },
              "firefox_android": {
                "version_added": "8"
              },
              "ie": {
                "version_added": false
              },
              "opera": {
                "version_added": false
              },
              "opera_android": {
                "version_added": false
              },
              "safari": {
                "version_added": "5.1"
              },
              "safari_ios": {
                "version_added": "5"
              },
              "samsunginternet_android": {
                "version_added": false
              },
              "webview_android": {
                "version_added": false
              }
            },
            "status": {
              "experimental": false,
              "standard_track": true,
              "deprecated": false
            }
          }
        },
        "croatian": {
          "__compat": {
            "description": "Hyphenation dictionary for Croatian (hr, hr-*)",
            "support": {
              "chrome": {
                "version_added": false
              },
              "chrome_android": {
                "version_added": false
              },
              "edge": {
                "version_added": false
              },
              "firefox": {
                "version_added": "8"
              },
              "firefox_android": {
                "version_added": "8"
              },
              "ie": {
                "version_added": false
              },
              "opera": {
                "version_added": false
              },
              "opera_android": {
                "version_added": false
              },
              "safari": {
                "version_added": "9.1"
              },
              "safari_ios": {
                "version_added": "9.3"
              },
              "samsunginternet_android": {
                "version_added": false
              },
              "webview_android": {
                "version_added": false
              }
            },
            "status": {
              "experimental": false,
              "standard_track": true,
              "deprecated": false
            }
          }
        },
        "czech": {
          "__compat": {
            "description": "Hyphenation dictionary for Czech (cs, cs-*)",
            "support": {
              "chrome": {
                "version_added": false
              },
              "chrome_android": {
                "version_added": false
              },
              "edge": {
                "version_added": false
              },
              "firefox": {
                "version_added": false
              },
              "firefox_android": {
                "version_added": false
              },
              "ie": {
                "version_added": false
              },
              "opera": {
                "version_added": false
              },
              "opera_android": {
                "version_added": false
              },
              "safari": {
                "version_added": "9.1"
              },
              "safari_ios": {
                "version_added": "9.3"
              },
              "samsunginternet_android": {
                "version_added": false
              },
              "webview_android": {
                "version_added": false
              }
            },
            "status": {
              "experimental": false,
              "standard_track": true,
              "deprecated": false
            }
          }
        },
        "danish": {
          "__compat": {
            "description": "Hyphenation dictionary for Danish (da, da-*)",
            "support": {
              "chrome": {
                "version_added": false
              },
              "chrome_android": {
                "version_added": false
              },
              "edge": {
                "version_added": false
              },
              "firefox": {
                "version_added": "8"
              },
              "firefox_android": {
                "version_added": "8"
              },
              "ie": {
                "version_added": false
              },
              "opera": {
                "version_added": false
              },
              "opera_android": {
                "version_added": false
              },
              "safari": {
                "version_added": "5.1"
              },
              "safari_ios": {
                "version_added": "5"
              },
              "samsunginternet_android": {
                "version_added": false
              },
              "webview_android": {
                "version_added": false
              }
            },
            "status": {
              "experimental": false,
              "standard_track": true,
              "deprecated": false
            }
          }
        },
        "dutch": {
          "__compat": {
            "description": "Hyphenation dictionary for Dutch (nl, nl-*)",
            "support": {
              "chrome": {
                "version_added": false
              },
              "chrome_android": {
                "version_added": false
              },
              "edge": {
                "version_added": false
              },
              "firefox": {
                "version_added": "8"
              },
              "firefox_android": {
                "version_added": "8"
              },
              "ie": {
                "version_added": false
              },
              "opera": {
                "version_added": false
              },
              "opera_android": {
                "version_added": false
              },
              "safari": {
                "version_added": "5.1"
              },
              "safari_ios": {
                "version_added": "5"
              },
              "samsunginternet_android": {
                "version_added": false
              },
              "webview_android": {
                "version_added": false
              }
            },
            "status": {
              "experimental": false,
              "standard_track": true,
              "deprecated": false
            }
          }
        },
        "english": {
          "__compat": {
            "description": "Hyphenation dictionary for English (en, en-*)",
            "support": {
              "chrome": {
                "version_added": "55"
              },
              "chrome_android": {
                "version_added": "55"
              },
              "edge": {
                "version_added": "12"
              },
              "firefox": {
                "version_added": "6",
                "notes": "For English, Firefox uses an en-US dictionary"
              },
              "firefox_android": {
                "version_added": "6",
                "notes": "For English, Firefox uses an en-US dictionary"
              },
              "ie": {
                "version_added": "10"
              },
              "opera": {
                "version_added": "44"
              },
              "opera_android": {
                "version_added": "43"
              },
              "safari": {
                "version_added": "5.1",
                "notes": "For English, Safari uses different en-GB and en-US dictionaries."
              },
              "safari_ios": {
                "version_added": "6",
                "notes": "For English, Safari uses different en-GB and en-US dictionaries."
              },
              "samsunginternet_android": {
                "version_added": "6.0"
              },
              "webview_android": {
                "version_added": "55"
              }
            },
            "status": {
              "experimental": false,
              "standard_track": true,
              "deprecated": false
            }
          }
        },
        "esperanto": {
          "__compat": {
            "description": "Hyphenation dictionary for Esperanto (eo, eo-*)",
            "support": {
              "chrome": {
                "version_added": false
              },
              "chrome_android": {
                "version_added": false
              },
              "edge": {
                "version_added": false
              },
              "firefox": {
                "version_added": "8"
              },
              "firefox_android": {
                "version_added": "8"
              },
              "ie": {
                "version_added": false
              },
              "opera": {
                "version_added": false
              },
              "opera_android": {
                "version_added": false
              },
              "safari": {
                "version_added": false
              },
              "safari_ios": {
                "version_added": false
              },
              "samsunginternet_android": {
                "version_added": false
              },
              "webview_android": {
                "version_added": false
              }
            },
            "status": {
              "experimental": false,
              "standard_track": true,
              "deprecated": false
            }
          }
        },
        "estonian": {
          "__compat": {
            "description": "Hyphenation dictionary for Estonian (et, et-*)",
            "support": {
              "chrome": {
                "version_added": false
              },
              "chrome_android": {
                "version_added": false
              },
              "edge": {
                "version_added": false
              },
              "firefox": {
                "version_added": "8"
              },
              "firefox_android": {
                "version_added": "8"
              },
              "ie": {
                "version_added": false
              },
              "opera": {
                "version_added": false
              },
              "opera_android": {
                "version_added": false
              },
              "safari": {
                "version_added": false
              },
              "safari_ios": {
                "version_added": false
              },
              "samsunginternet_android": {
                "version_added": false
              },
              "webview_android": {
                "version_added": false
              }
            },
            "status": {
              "experimental": false,
              "standard_track": true,
              "deprecated": false
            }
          }
        },
        "finish": {
          "__compat": {
            "description": "Hyphenation dictionary for Finnish (fi, fi-*)",
            "support": {
              "chrome": {
                "version_added": false
              },
              "chrome_android": {
                "version_added": false
              },
              "edge": {
                "version_added": false
              },
              "firefox": {
                "version_added": "8"
              },
              "firefox_android": {
                "version_added": "8"
              },
              "ie": {
                "version_added": false
              },
              "opera": {
                "version_added": false
              },
              "opera_android": {
                "version_added": false
              },
              "safari": {
                "version_added": "9.1"
              },
              "safari_ios": {
                "version_added": "9.3"
              },
              "samsunginternet_android": {
                "version_added": false
              },
              "webview_android": {
                "version_added": false
              }
            },
            "status": {
              "experimental": false,
              "standard_track": true,
              "deprecated": false
            }
          }
        },
        "french": {
          "__compat": {
            "description": "Hyphenation dictionary for French (fr, fr-*)",
            "support": {
              "chrome": {
                "version_added": false
              },
              "chrome_android": {
                "version_added": false
              },
              "edge": {
                "version_added": false
              },
              "firefox": {
                "version_added": "8"
              },
              "firefox_android": {
                "version_added": "8"
              },
              "ie": {
                "version_added": false
              },
              "opera": {
                "version_added": false
              },
              "opera_android": {
                "version_added": false
              },
              "safari": {
                "version_added": "5.1"
              },
              "safari_ios": {
                "version_added": "5"
              },
              "samsunginternet_android": {
                "version_added": false
              },
              "webview_android": {
                "version_added": false
              }
            },
            "status": {
              "experimental": false,
              "standard_track": true,
              "deprecated": false
            }
          }
        },
        "galician": {
          "__compat": {
            "description": "Hyphenation dictionary for Galician (gl, gl-*)",
            "support": {
              "chrome": {
                "version_added": false
              },
              "chrome_android": {
                "version_added": false
              },
              "edge": {
                "version_added": false
              },
              "firefox": {
                "version_added": "9"
              },
              "firefox_android": {
                "version_added": "9"
              },
              "ie": {
                "version_added": false
              },
              "opera": {
                "version_added": false
              },
              "opera_android": {
                "version_added": false
              },
              "safari": {
                "version_added": false
              },
              "safari_ios": {
                "version_added": false
              },
              "samsunginternet_android": {
                "version_added": false
              },
              "webview_android": {
                "version_added": false
              }
            },
            "status": {
              "experimental": false,
              "standard_track": true,
              "deprecated": false
            }
          }
        },
        "german_reformed_orthography": {
          "__compat": {
            "description": "Hyphenation dictionary for German, Reformed Orthography of 1996 (de, de-1996, de-DE, de-AT, de-*)",
            "support": {
              "chrome": {
                "version_added": false
              },
              "chrome_android": {
                "version_added": false
              },
              "edge": {
                "version_added": false
              },
              "firefox": {
                "version_added": "8"
              },
              "firefox_android": {
                "version_added": "8"
              },
              "ie": {
                "version_added": false
              },
              "opera": {
                "version_added": false
              },
              "opera_android": {
                "version_added": false
              },
              "safari": {
                "version_added": "5.1"
              },
              "safari_ios": {
                "version_added": "5"
              },
              "samsunginternet_android": {
                "version_added": false
              },
              "webview_android": {
                "version_added": false
              }
            },
            "status": {
              "experimental": false,
              "standard_track": true,
              "deprecated": false
            }
          }
        },
        "german_swiss_orthography": {
          "__compat": {
            "description": "Hyphenation dictionary for German, Swiss Orthography (de-CH, de-CH-*)",
            "support": {
              "chrome": {
                "version_added": false
              },
              "chrome_android": {
                "version_added": false
              },
              "edge": {
                "version_added": false
              },
              "firefox": {
                "version_added": "8"
              },
              "firefox_android": {
                "version_added": "8"
              },
              "ie": {
                "version_added": false
              },
              "opera": {
                "version_added": false
              },
              "opera_android": {
                "version_added": false
              },
              "safari": {
                "version_added": false
              },
              "safari_ios": {
                "version_added": false
              },
              "samsunginternet_android": {
                "version_added": false
              },
              "webview_android": {
                "version_added": false
              }
            },
            "status": {
              "experimental": false,
              "standard_track": true,
              "deprecated": false
            }
          }
        },
        "german_traditional_orthography": {
          "__compat": {
            "description": "Hyphenation dictionary for German, Traditional Orthography of 1901 (de-1901, de-AT-1901, de-DE-1901)",
            "support": {
              "chrome": {
                "version_added": false
              },
              "chrome_android": {
                "version_added": false
              },
              "edge": {
                "version_added": false
              },
              "firefox": {
                "version_added": "8"
              },
              "firefox_android": {
                "version_added": "8"
              },
              "ie": {
                "version_added": false
              },
              "opera": {
                "version_added": false
              },
              "opera_android": {
                "version_added": false
              },
              "safari": {
                "version_added": false
              },
              "safari_ios": {
                "version_added": false
              },
              "samsunginternet_android": {
                "version_added": false
              },
              "webview_android": {
                "version_added": false
              }
            },
            "status": {
              "experimental": false,
              "standard_track": true,
              "deprecated": false
            }
          }
        },
        "hungarian": {
          "__compat": {
            "description": "Hyphenation dictionary for Hungarian (hu, hu-*)",
            "support": {
              "chrome": {
                "version_added": false
              },
              "chrome_android": {
                "version_added": false
              },
              "edge": {
                "version_added": false
              },
              "firefox": {
                "version_added": "9"
              },
              "firefox_android": {
                "version_added": "9"
              },
              "ie": {
                "version_added": false
              },
              "opera": {
                "version_added": false
              },
              "opera_android": {
                "version_added": false
              },
              "safari": {
                "version_added": "9.1"
              },
              "safari_ios": {
                "version_added": "9.3"
              },
              "samsunginternet_android": {
                "version_added": false
              },
              "webview_android": {
                "version_added": false
              }
            },
            "status": {
              "experimental": false,
              "standard_track": true,
              "deprecated": false
            }
          }
        },
        "icelandic": {
          "__compat": {
            "description": "Hyphenation dictionary for Icelandic (is, is-*)",
            "support": {
              "chrome": {
                "version_added": false
              },
              "chrome_android": {
                "version_added": false
              },
              "edge": {
                "version_added": false
              },
              "firefox": {
                "version_added": "8"
              },
              "firefox_android": {
                "version_added": "8"
              },
              "ie": {
                "version_added": false
              },
              "opera": {
                "version_added": false
              },
              "opera_android": {
                "version_added": false
              },
              "safari": {
                "version_added": false
              },
              "safari_ios": {
                "version_added": false
              },
              "samsunginternet_android": {
                "version_added": false
              },
              "webview_android": {
                "version_added": false
              }
            },
            "status": {
              "experimental": false,
              "standard_track": true,
              "deprecated": false
            }
          }
        },
        "interlingua": {
          "__compat": {
            "description": "Hyphenation dictionary for Interlingua (ia, ia-*)",
            "support": {
              "chrome": {
                "version_added": false
              },
              "chrome_android": {
                "version_added": false
              },
              "edge": {
                "version_added": false
              },
              "firefox": {
                "version_added": "8"
              },
              "firefox_android": {
                "version_added": "8"
              },
              "ie": {
                "version_added": false
              },
              "opera": {
                "version_added": false
              },
              "opera_android": {
                "version_added": false
              },
              "safari": {
                "version_added": false
              },
              "safari_ios": {
                "version_added": false
              },
              "samsunginternet_android": {
                "version_added": false
              },
              "webview_android": {
                "version_added": false
              }
            },
            "status": {
              "experimental": false,
              "standard_track": true,
              "deprecated": false
            }
          }
        },
        "italian": {
          "__compat": {
            "description": "Hyphenation dictionary for Italian (it, it-*)",
            "support": {
              "chrome": {
                "version_added": false
              },
              "chrome_android": {
                "version_added": false
              },
              "edge": {
                "version_added": false
              },
              "firefox": {
                "version_added": "9"
              },
              "firefox_android": {
                "version_added": "9"
              },
              "ie": {
                "version_added": false
              },
              "opera": {
                "version_added": false
              },
              "opera_android": {
                "version_added": false
              },
              "safari": {
                "version_added": "5.1"
              },
              "safari_ios": {
                "version_added": "5"
              },
              "samsunginternet_android": {
                "version_added": false
              },
              "webview_android": {
                "version_added": false
              }
            },
            "status": {
              "experimental": false,
              "standard_track": true,
              "deprecated": false
            }
          }
        },
        "kurmanji": {
          "__compat": {
            "description": "Hyphenation dictionary for Kurmanji (kmr, kmr-*)",
            "support": {
              "chrome": {
                "version_added": false
              },
              "chrome_android": {
                "version_added": false
              },
              "edge": {
                "version_added": false
              },
              "firefox": {
                "version_added": "8"
              },
              "firefox_android": {
                "version_added": "8"
              },
              "ie": {
                "version_added": false
              },
              "opera": {
                "version_added": false
              },
              "opera_android": {
                "version_added": false
              },
              "safari": {
                "version_added": false
              },
              "safari_ios": {
                "version_added": false
              },
              "samsunginternet_android": {
                "version_added": false
              },
              "webview_android": {
                "version_added": false
              }
            },
            "status": {
              "experimental": false,
              "standard_track": true,
              "deprecated": false
            }
          }
        },
        "latin": {
          "__compat": {
            "description": "Hyphenation dictionary for Latin (la, la-*)",
            "support": {
              "chrome": {
                "version_added": false
              },
              "chrome_android": {
                "version_added": false
              },
              "edge": {
                "version_added": false
              },
              "firefox": {
                "version_added": "8"
              },
              "firefox_android": {
                "version_added": "8"
              },
              "ie": {
                "version_added": false
              },
              "opera": {
                "version_added": false
              },
              "opera_android": {
                "version_added": false
              },
              "safari": {
                "version_added": false
              },
              "safari_ios": {
                "version_added": false
              },
              "samsunginternet_android": {
                "version_added": false
              },
              "webview_android": {
                "version_added": false
              }
            },
            "status": {
              "experimental": false,
              "standard_track": true,
              "deprecated": false
            }
          }
        },
        "lithuanian": {
          "__compat": {
            "description": "Hyphenation dictionary for Lithuanian (lt, lt-*)",
            "support": {
              "chrome": {
                "version_added": false
              },
              "chrome_android": {
                "version_added": false
              },
              "edge": {
                "version_added": false
              },
              "firefox": {
                "version_added": "8"
              },
              "firefox_android": {
                "version_added": "8"
              },
              "ie": {
                "version_added": false
              },
              "opera": {
                "version_added": false
              },
              "opera_android": {
                "version_added": false
              },
              "safari": {
                "version_added": false
              },
              "safari_ios": {
                "version_added": false
              },
              "samsunginternet_android": {
                "version_added": false
              },
              "webview_android": {
                "version_added": false
              }
            },
            "status": {
              "experimental": false,
              "standard_track": true,
              "deprecated": false
            }
          }
        },
        "mongolian": {
          "__compat": {
            "description": "Hyphenation dictionary for Mongolian (mn, mn-*)",
            "support": {
              "chrome": {
                "version_added": false
              },
              "chrome_android": {
                "version_added": false
              },
              "edge": {
                "version_added": false
              },
              "firefox": {
                "version_added": "8"
              },
              "firefox_android": {
                "version_added": "8"
              },
              "ie": {
                "version_added": false
              },
              "opera": {
                "version_added": false
              },
              "opera_android": {
                "version_added": false
              },
              "safari": {
                "version_added": false
              },
              "safari_ios": {
                "version_added": false
              },
              "samsunginternet_android": {
                "version_added": false
              },
              "webview_android": {
                "version_added": false
              }
            },
            "status": {
              "experimental": false,
              "standard_track": true,
              "deprecated": false
            }
          }
        },
        "norwegian_nn": {
          "__compat": {
            "description": "Hyphenation dictionary for Norwegian (Nynorsk) (nn, nn-*)",
            "support": {
              "chrome": {
                "version_added": false
              },
              "chrome_android": {
                "version_added": false
              },
              "edge": {
                "version_added": false
              },
              "firefox": {
                "version_added": "8"
              },
              "firefox_android": {
                "version_added": "8"
              },
              "ie": {
                "version_added": false
              },
              "opera": {
                "version_added": false
              },
              "opera_android": {
                "version_added": false
              },
              "safari": {
                "version_added": false
              },
              "safari_ios": {
                "version_added": "5"
              },
              "samsunginternet_android": {
                "version_added": false
              },
              "webview_android": {
                "version_added": false
              }
            },
            "status": {
              "experimental": false,
              "standard_track": true,
              "deprecated": false
            }
          }
        },
        "norwegian_no": {
          "__compat": {
            "description": "Hyphenation dictionary for Norwegian (Bokmål) (no, no-*, nb, nb-*)",
            "support": {
              "chrome": {
                "version_added": false
              },
              "chrome_android": {
                "version_added": false
              },
              "edge": {
                "version_added": false
              },
              "firefox": {
                "version_added": "8"
              },
              "firefox_android": {
                "version_added": "8"
              },
              "ie": {
                "version_added": false
              },
              "opera": {
                "version_added": null
              },
              "opera_android": {
                "version_added": null
              },
              "safari": {
                "version_added": "5.1"
              },
              "safari_ios": {
                "version_added": "5"
              },
              "samsunginternet_android": {
                "version_added": false
              },
              "webview_android": {
                "version_added": false
              }
            },
            "status": {
              "experimental": false,
              "standard_track": true,
              "deprecated": false
            }
          }
        },
        "polish": {
          "__compat": {
            "description": "Hyphenation dictionary for Polish (pl, pl-*)",
            "support": {
              "chrome": {
                "version_added": false
              },
              "chrome_android": {
                "version_added": false
              },
              "edge": {
                "version_added": false
              },
              "firefox": {
                "version_added": "31"
              },
              "firefox_android": {
                "version_added": "31"
              },
              "ie": {
                "version_added": false
              },
              "opera": {
                "version_added": false
              },
              "opera_android": {
                "version_added": false
              },
              "safari": {
                "version_added": "9.1"
              },
              "safari_ios": {
                "version_added": "9.3"
              },
              "samsunginternet_android": {
                "version_added": false
              },
              "webview_android": {
                "version_added": false
              }
            },
            "status": {
              "experimental": false,
              "standard_track": true,
              "deprecated": false
            }
          }
        },
        "portuguese": {
          "__compat": {
            "description": "Hyphenation dictionary for Portuguese (pt, pt-*)",
            "support": {
              "chrome": {
                "version_added": false
              },
              "chrome_android": {
                "version_added": false
              },
              "edge": {
                "version_added": false
              },
              "firefox": {
                "version_added": "8"
              },
              "firefox_android": {
                "version_added": "8"
              },
              "ie": {
                "version_added": false
              },
              "opera": {
                "version_added": false
              },
              "opera_android": {
                "version_added": false
              },
              "safari": {
                "version_added": "9.1"
              },
              "safari_ios": {
                "version_added": "9.3"
              },
              "samsunginternet_android": {
                "version_added": false
              },
              "webview_android": {
                "version_added": false
              }
            },
            "status": {
              "experimental": false,
              "standard_track": true,
              "deprecated": false
            }
          }
        },
        "portuguese_brazillian": {
          "__compat": {
            "description": "Hyphenation dictionary for Brazilian Portuguese (pt-BR)",
            "support": {
              "chrome": {
                "version_added": false
              },
              "chrome_android": {
                "version_added": false
              },
              "edge": {
                "version_added": false
              },
              "firefox": {
                "version_added": "8",
                "notes": "For Brazilian Portuguese, Firefox uses a Portuguese dictionary."
              },
              "firefox_android": {
                "version_added": "8",
                "notes": "For Brazilian Portuguese, Firefox uses a Portuguese dictionary."
              },
              "ie": {
                "version_added": false
              },
              "opera": {
                "version_added": false
              },
              "opera_android": {
                "version_added": false
              },
              "safari": {
                "version_added": false
              },
              "safari_ios": {
                "version_added": false
              },
              "samsunginternet_android": {
                "version_added": false
              },
              "webview_android": {
                "version_added": false
              }
            },
            "status": {
              "experimental": false,
              "standard_track": true,
              "deprecated": false
            }
          }
        },
        "russian": {
          "__compat": {
            "description": "Hyphenation dictionary for Russian (ru, ru-*)",
            "support": {
              "chrome": {
                "version_added": false
              },
              "chrome_android": {
                "version_added": false
              },
              "edge": {
                "version_added": false
              },
              "firefox": {
                "version_added": "8"
              },
              "firefox_android": {
                "version_added": "8"
              },
              "ie": {
                "version_added": false
              },
              "opera": {
                "version_added": false
              },
              "opera_android": {
                "version_added": false
              },
              "safari": {
                "version_added": "5.1"
              },
              "safari_ios": {
                "version_added": "5"
              },
              "samsunginternet_android": {
                "version_added": false
              },
              "webview_android": {
                "version_added": false
              }
            },
            "status": {
              "experimental": false,
              "standard_track": true,
              "deprecated": false
            }
          }
        },
        "slovenian": {
          "__compat": {
            "description": "Hyphenation dictionary for Slovenian (sl, sl-*)",
            "support": {
              "chrome": {
                "version_added": false
              },
              "chrome_android": {
                "version_added": false
              },
              "edge": {
                "version_added": false
              },
              "firefox": {
                "version_added": "8"
              },
              "firefox_android": {
                "version_added": "8"
              },
              "ie": {
                "version_added": false
              },
              "opera": {
                "version_added": false
              },
              "opera_android": {
                "version_added": false
              },
              "safari": {
                "version_added": false
              },
              "safari_ios": {
                "version_added": false
              },
              "samsunginternet_android": {
                "version_added": false
              },
              "webview_android": {
                "version_added": false
              }
            },
            "status": {
              "experimental": false,
              "standard_track": true,
              "deprecated": false
            }
          }
        },
        "spanish": {
          "__compat": {
            "description": "Hyphenation dictionary for Spanish (es, es-*)",
            "support": {
              "chrome": {
                "version_added": false
              },
              "chrome_android": {
                "version_added": false
              },
              "edge": {
                "version_added": false
              },
              "firefox": {
                "version_added": "8"
              },
              "firefox_android": {
                "version_added": "8"
              },
              "ie": {
                "version_added": false
              },
              "opera": {
                "version_added": false
              },
              "opera_android": {
                "version_added": false
              },
              "safari": {
                "version_added": "5.1"
              },
              "safari_ios": {
                "version_added": "5"
              },
              "samsunginternet_android": {
                "version_added": false
              },
              "webview_android": {
                "version_added": false
              }
            },
            "status": {
              "experimental": false,
              "standard_track": true,
              "deprecated": false
            }
          }
        },
        "swedish": {
          "__compat": {
            "description": "Hyphenation dictionary for Swedish (sv, sv-*)",
            "support": {
              "chrome": {
                "version_added": false
              },
              "chrome_android": {
                "version_added": false
              },
              "edge": {
                "version_added": false
              },
              "firefox": {
                "version_added": "8"
              },
              "firefox_android": {
                "version_added": "8"
              },
              "ie": {
                "version_added": false
              },
              "opera": {
                "version_added": false
              },
              "opera_android": {
                "version_added": false
              },
              "safari": {
                "version_added": "5.1"
              },
              "safari_ios": {
                "version_added": "5"
              },
              "samsunginternet_android": {
                "version_added": false
              },
              "webview_android": {
                "version_added": false
              }
            },
            "status": {
              "experimental": false,
              "standard_track": true,
              "deprecated": false
            }
          }
        },
        "turkish": {
          "__compat": {
            "description": "Hyphenation dictionary for Turkish (tr, tr-*)",
            "support": {
              "chrome": {
                "version_added": false
              },
              "chrome_android": {
                "version_added": false
              },
              "edge": {
                "version_added": false
              },
              "firefox": {
                "version_added": "9"
              },
              "firefox_android": {
                "version_added": "9"
              },
              "ie": {
                "version_added": false
              },
              "opera": {
                "version_added": false
              },
              "opera_android": {
                "version_added": false
              },
              "safari": {
                "version_added": "5.1"
              },
              "safari_ios": {
                "version_added": "5"
              },
              "samsunginternet_android": {
                "version_added": false
              },
              "webview_android": {
                "version_added": false
              }
            },
            "status": {
              "experimental": false,
              "standard_track": true,
              "deprecated": false
            }
          }
        },
        "ukrainian": {
          "__compat": {
            "description": "Hyphenation dictionary for Ukrainian (uk, uk-*)",
            "support": {
              "chrome": {
                "version_added": false
              },
              "chrome_android": {
                "version_added": false
              },
              "edge": {
                "version_added": false
              },
              "firefox": {
                "version_added": "9"
              },
              "firefox_android": {
                "version_added": "9"
              },
              "ie": {
                "version_added": false
              },
              "opera": {
                "version_added": false
              },
              "opera_android": {
                "version_added": false
              },
              "safari": {
                "version_added": "9.1"
              },
              "safari_ios": {
                "version_added": "9.3"
              },
              "samsunginternet_android": {
                "version_added": false
              },
              "webview_android": {
                "version_added": false
              }
            },
            "status": {
              "experimental": false,
              "standard_track": true,
              "deprecated": false
            }
          }
        },
        "upper_sorbian": {
          "__compat": {
            "description": "Hyphenation dictionary for Upper Sorbian (hsb, hsb-*)",
            "support": {
              "chrome": {
                "version_added": false
              },
              "chrome_android": {
                "version_added": false
              },
              "edge": {
                "version_added": false
              },
              "firefox": {
                "version_added": "8"
              },
              "firefox_android": {
                "version_added": "8"
              },
              "ie": {
                "version_added": false
              },
              "opera": {
                "version_added": false
              },
              "opera_android": {
                "version_added": false
              },
              "safari": {
                "version_added": false
              },
              "safari_ios": {
                "version_added": false
              },
              "samsunginternet_android": {
                "version_added": false
              },
              "webview_android": {
                "version_added": false
              }
            },
            "status": {
              "experimental": false,
              "standard_track": true,
              "deprecated": false
            }
          }
        },
        "welsh": {
          "__compat": {
            "description": "Hyphenation dictionary for Welsh (cy, cy-*)",
            "support": {
              "chrome": {
                "version_added": false
              },
              "chrome_android": {
                "version_added": false
              },
              "edge": {
                "version_added": false
              },
              "firefox": {
                "version_added": "8"
              },
              "firefox_android": {
                "version_added": "8"
              },
              "ie": {
                "version_added": false
              },
              "opera": {
                "version_added": false
              },
              "opera_android": {
                "version_added": false
              },
              "safari": {
                "version_added": false
              },
              "safari_ios": {
                "version_added": false
              },
              "samsunginternet_android": {
                "version_added": false
              },
              "webview_android": {
                "version_added": false
              }
            },
            "status": {
              "experimental": false,
              "standard_track": true,
              "deprecated": false
            }
          }
        }
      }
    }
  }
}
