{
  "css": {
    "properties": {
      "ime-mode": {
        "__compat": {
          "mdn_url": "https://developer.mozilla.org/docs/Web/CSS/ime-mode",
          "support": {
            "chrome": {
              "version_added": false
            },
            "chrome_android": {
              "version_added": false
            },
            "edge": [
              {
                "version_added": "12"
              },
              {
                "prefix": "-ms-",
                "version_added": "12"
              }
            ],
            "firefox": {
              "version_added": "3"
            },
            "firefox_android": {
              "version_added": "4"
            },
            "ie": [
              {
                "version_added": "5"
              },
              {
                "prefix": "-ms-",
                "version_added": "8"
              }
            ],
            "opera": {
              "version_added": false
            },
            "opera_android": {
              "version_added": null
            },
            "safari": {
              "version_added": false
            },
            "safari_ios": {
              "version_added": false
            },
            "samsunginternet_android": {
              "version_added": false
            },
            "webview_android": {
              "version_added": false
            }
          },
          "status": {
            "experimental": false,
            "standard_track": false,
            "deprecated": true
          }
        }
      }
    }
  }
}
