{
  "css": {
    "properties": {
      "justify-items": {
        "flex_context": {
          "__compat": {
            "description": "Supported in Flex Layout",
            "mdn_url": "https://developer.mozilla.org/docs/Web/CSS/justify-items",
            "support": {
              "chrome": {
                "version_added": "52"
              },
              "chrome_android": {
                "version_added": "52"
              },
              "edge": {
                "version_added": "12"
              },
              "firefox": {
                "version_added": "20"
              },
              "firefox_android": {
                "version_added": "20"
              },
              "ie": {
                "version_added": "11"
              },
              "opera": {
                "version_added": "12.1"
              },
              "opera_android": {
                "version_added": "12.1"
              },
              "safari": {
                "version_added": "9"
              },
              "safari_ios": {
                "version_added": "9"
              },
              "samsunginternet_android": {
                "version_added": null
              },
              "webview_android": {
                "version_added": "52"
              }
            },
            "status": {
              "experimental": false,
              "standard_track": true,
              "deprecated": false
            }
          }
        },
        "grid_context": {
          "__compat": {
            "description": "Supported in Grid Layout",
            "mdn_url": "https://developer.mozilla.org/docs/Web/CSS/justify-items",
            "support": {
              "chrome": {
                "version_added": "57"
              },
              "chrome_android": {
                "version_added": "57"
              },
              "edge": {
                "version_added": "16"
              },
              "firefox": {
                "version_added": "45"
              },
              "firefox_android": {
                "version_added": "45"
              },
              "ie": {
                "version_added": false
              },
              "opera": {
                "version_added": "44"
              },
              "opera_android": {
                "version_added": "43"
              },
              "safari": {
                "version_added": "10.1"
              },
              "safari_ios": {
                "version_added": "10.3"
              },
              "samsunginternet_android": {
                "version_added": "6.0"
              },
              "webview_android": {
                "version_added": "57"
              }
            },
            "status": {
              "experimental": false,
              "standard_track": true,
              "deprecated": false
            }
          }
        }
      }
    }
  }
}
