{
  "css": {
    "properties": {
      "margin-inline": {
        "__compat": {
          "mdn_url": "https://developer.mozilla.org/docs/Web/CSS/margin-inline",
          "support": {
            "chrome": {
              "version_added": "69"
            },
            "chrome_android": {
              "version_added": "69"
            },
            "edge": {
              "version_added": false
            },
            "firefox": {
              "version_added": "66"
            },
            "firefox_android": {
              "version_added": "66"
            },
            "ie": {
              "version_added": false
            },
            "opera": {
              "version_added": "56"
            },
            "opera_android": {
              "version_added": "48"
            },
            "safari": {
              "version_added": false
            },
            "safari_ios": {
              "version_added": false
            },
            "samsunginternet_android": {
              "version_added": false
            },
            "webview_android": {
              "version_added": "69"
            }
          },
          "status": {
            "experimental": true,
            "standard_track": true,
            "deprecated": false
          }
        }
      }
    }
  }
}
