{
  "css": {
    "properties": {
      "offset-anchor": {
        "__compat": {
          "mdn_url": "https://developer.mozilla.org/docs/Web/CSS/offset-anchor",
          "support": {
            "chrome": {
              "version_added": "79"
            },
            "chrome_android": {
              "version_added": "79"
            },
            "edge": {
              "version_added": false
            },
            "firefox": {
              "version_added": "70",
              "flags": [
                {
                  "type": "preference",
                  "name": "layout.css.motion-path.enabled",
                  "value_to_set": "true"
                }
              ]
            },
            "firefox_android": {
              "version_added": false
            },
            "ie": {
              "version_added": false
            },
            "opera": {
              "version_added": false
            },
            "opera_android": {
              "version_added": false
            },
            "safari": {
              "version_added": false
            },
            "safari_ios": {
              "version_added": false
            },
            "samsunginternet_android": {
              "version_added": false
            },
            "webview_android": {
              "version_added": "79"
            }
          },
          "status": {
            "experimental": true,
            "standard_track": true,
            "deprecated": false
          }
        }
      }
    }
  }
}
