{
  "css": {
    "properties": {
      "opacity": {
        "__compat": {
          "mdn_url": "https://developer.mozilla.org/docs/Web/CSS/opacity",
          "support": {
            "chrome": {
              "version_added": "1"
            },
            "chrome_android": {
              "version_added": "18"
            },
            "edge": {
              "version_added": "12"
            },
            "firefox": [
              {
                "version_added": "1"
              },
              {
                "prefix": "-moz-",
                "version_added": "1",
                "version_removed": "3.5"
              }
            ],
            "firefox_android": {
              "version_added": "4"
            },
            "ie": {
              "version_added": "9"
            },
            "opera": {
              "version_added": "9"
            },
            "opera_android": {
              "version_added": "10.1"
            },
            "safari": [
              {
                "version_added": "2"
              },
              {
                "version_added": "1.1",
                "version_removed": "2",
                "prefix": "-khtml-"
              }
            ],
            "safari_ios": {
              "version_added": "1"
            },
            "samsunginternet_android": {
              "version_added": true
            },
            "webview_android": {
              "version_added": "1"
            }
          },
          "status": {
            "experimental": false,
            "standard_track": true,
            "deprecated": false
          }
        },
        "percentages": {
          "__compat": {
            "description": "Support for percentage opacity values",
            "support": {
              "chrome": {
                "version_added": "78"
              },
              "chrome_android": {
                "version_added": "78"
              },
              "edge": {
                "version_added": false
              },
              "firefox": {
                "version_added": "70"
              },
              "firefox_android": {
                "version_added": false
              },
              "ie": {
                "version_added": false
              },
              "opera": {
                "version_added": false
              },
              "opera_android": {
                "version_added": false
              },
              "safari": {
                "version_added": false
              },
              "safari_ios": {
                "version_added": false
              },
              "samsunginternet_android": {
                "version_added": false
              },
              "webview_android": {
                "version_added": "78"
              }
            },
            "status": {
              "experimental": false,
              "standard_track": true,
              "deprecated": false
            }
          }
        }
      }
    }
  }
}
