{
  "css": {
    "properties": {
      "outline-offset": {
        "__compat": {
          "mdn_url": "https://developer.mozilla.org/docs/Web/CSS/outline-offset",
          "support": {
            "chrome": {
              "version_added": "1"
            },
            "chrome_android": {
              "version_added": "18"
            },
            "edge": {
              "version_added": "15"
            },
            "firefox": {
              "version_added": "1.5"
            },
            "firefox_android": {
              "version_added": "4"
            },
            "ie": {
              "version_added": false
            },
            "opera": {
              "version_added": "9.5"
            },
            "opera_android": {
              "version_added": null
            },
            "safari": {
              "version_added": "1.2"
            },
            "safari_ios": {
              "version_added": "1"
            },
            "samsunginternet_android": {
              "version_added": null
            },
            "webview_android": {
              "version_added": "37"
            }
          },
          "status": {
            "experimental": false,
            "standard_track": true,
            "deprecated": false
          }
        }
      }
    }
  }
}
