{
  "css": {
    "properties": {
      "perspective-origin": {
        "__compat": {
          "mdn_url": "https://developer.mozilla.org/docs/Web/CSS/perspective-origin",
          "support": {
            "chrome": [
              {
                "version_added": "36"
              },
              {
                "prefix": "-webkit-",
                "version_added": "12"
              }
            ],
            "chrome_android": [
              {
                "version_added": "36"
              },
              {
                "prefix": "-webkit-",
                "version_added": "18"
              }
            ],
            "edge": [
              {
                "version_added": "12"
              },
              {
                "prefix": "-webkit-",
                "version_added": "12"
              }
            ],
            "firefox": [
              {
                "version_added": "16"
              },
              {
                "prefix": "-moz-",
                "version_added": "10"
              },
              {
                "version_added": "49",
                "prefix": "-webkit-"
              },
              {
                "prefix": "-webkit-",
                "version_added": "45",
                "flags": [
                  {
                    "type": "preference",
                    "name": "layout.css.prefixes.webkit",
                    "value_to_set": "true"
                  }
                ]
              }
            ],
            "firefox_android": [
              {
                "version_added": "16"
              },
              {
                "prefix": "-moz-",
                "version_added": "10"
              },
              {
                "version_added": "49",
                "prefix": "-webkit-"
              },
              {
                "prefix": "-webkit-",
                "version_added": "45",
                "flags": [
                  {
                    "type": "preference",
                    "name": "layout.css.prefixes.webkit",
                    "value_to_set": "true"
                  }
                ]
              }
            ],
            "ie": {
              "version_added": "10"
            },
            "opera": {
              "prefix": "-webkit-",
              "version_added": "15"
            },
            "opera_android": {
              "prefix": "-webkit-",
              "version_added": true
            },
            "safari": [
              {
                "version_added": "9"
              },
              {
                "prefix": "-webkit-",
                "version_added": "4"
              }
            ],
            "safari_ios": [
              {
                "version_added": "9"
              },
              {
                "prefix": "-webkit-",
                "version_added": "2"
              }
            ],
            "samsunginternet_android": {
              "version_added": null
            },
            "webview_android": [
              {
                "version_added": "37"
              },
              {
                "prefix": "-webkit-",
                "version_added": "3"
              }
            ]
          },
          "status": {
            "experimental": false,
            "standard_track": true,
            "deprecated": false
          }
        },
        "three_value_syntax": {
          "__compat": {
            "description": "Support for three-value syntax of position",
            "support": {
              "chrome": [
                {
                  "version_added": "36",
                  "version_removed": "68"
                },
                {
                  "prefix": "-webkit-",
                  "version_added": "12"
                }
              ],
              "chrome_android": [
                {
                  "version_added": "36",
                  "version_removed": "68"
                },
                {
                  "prefix": "-webkit-",
                  "version_added": "18"
                }
              ],
              "edge": [
                {
                  "version_added": "12"
                },
                {
                  "prefix": "-webkit-",
                  "version_added": "12"
                }
              ],
              "firefox": [
                {
                  "version_added": "16",
                  "version_removed": "70"
                },
                {
                  "prefix": "-moz-",
                  "version_added": "10"
                },
                {
                  "version_added": "49",
                  "prefix": "-webkit-"
                },
                {
                  "prefix": "-webkit-",
                  "version_added": "45",
                  "flags": [
                    {
                      "type": "preference",
                      "name": "layout.css.prefixes.webkit",
                      "value_to_set": "true"
                    }
                  ]
                }
              ],
              "firefox_android": [
                {
                  "version_added": "16"
                },
                {
                  "prefix": "-moz-",
                  "version_added": "10"
                },
                {
                  "version_added": "49",
                  "prefix": "-webkit-"
                },
                {
                  "prefix": "-webkit-",
                  "version_added": "45",
                  "flags": [
                    {
                      "type": "preference",
                      "name": "layout.css.prefixes.webkit",
                      "value_to_set": "true"
                    }
                  ]
                }
              ],
              "ie": {
                "version_added": "10"
              },
              "opera": {
                "prefix": "-webkit-",
                "version_added": "15",
                "version_removed": "55"
              },
              "opera_android": {
                "prefix": "-webkit-",
                "version_added": true,
                "version_removed": "48"
              },
              "safari": [
                {
                  "version_added": "9"
                },
                {
                  "prefix": "-webkit-",
                  "version_added": "4"
                }
              ],
              "safari_ios": [
                {
                  "version_added": "9"
                },
                {
                  "prefix": "-webkit-",
                  "version_added": "2"
                }
              ],
              "samsunginternet_android": {
                "version_added": null
              },
              "webview_android": [
                {
                  "version_added": "37",
                  "version_removed": "68"
                },
                {
                  "prefix": "-webkit-",
                  "version_added": "3"
                }
              ]
            },
            "status": {
              "experimental": false,
              "standard_track": true,
              "deprecated": false
            }
          }
        }
      }
    }
  }
}
