{
  "css": {
    "properties": {
      "pointer-events": {
        "__compat": {
          "mdn_url": "https://developer.mozilla.org/docs/Web/CSS/pointer-events",
          "support": {
            "chrome": {
              "version_added": "1"
            },
            "chrome_android": {
              "version_added": "18"
            },
            "edge": {
              "version_added": "12"
            },
            "firefox": {
              "version_added": "1.5"
            },
            "firefox_android": {
              "version_added": "4"
            },
            "ie": {
              "version_added": "11"
            },
            "opera": {
              "version_added": "9"
            },
            "opera_android": {
              "version_added": true
            },
            "safari": {
              "version_added": "4"
            },
            "safari_ios": {
              "version_added": "3.2"
            },
            "samsunginternet_android": {
              "version_added": null
            },
            "webview_android": {
              "version_added": "2"
            }
          },
          "status": {
            "experimental": false,
            "standard_track": true,
            "deprecated": false
          }
        },
        "html_elements": {
          "__compat": {
            "description": "Applies to HTML elements",
            "support": {
              "chrome": {
                "version_added": "2"
              },
              "chrome_android": {
                "version_added": "18"
              },
              "edge": {
                "version_added": "12"
              },
              "firefox": {
                "version_added": "3.6"
              },
              "firefox_android": {
                "version_added": "4"
              },
              "ie": {
                "version_added": "11"
              },
              "opera": {
                "version_added": "15"
              },
              "opera_android": {
                "version_added": true
              },
              "safari": {
                "version_added": "4"
              },
              "safari_ios": {
                "version_added": "3.2"
              },
              "samsunginternet_android": {
                "version_added": null
              },
              "webview_android": {
                "version_added": "37"
              }
            },
            "status": {
              "experimental": true,
              "standard_track": true,
              "deprecated": false
            }
          }
        }
      }
    }
  }
}
